{
  "contract_name": "dark_halo_scope_phase5_required_columns",
  "contract_version": "1.0.0",
  "source_pipeline_file": "spark_phase4_pipeline_v3.py",
  "stage4c_metrics_schema_columns": [
    "task_id",
    "experiment_id",
    "selection_set_id",
    "ranking_mode",
    "selection_strategy",
    "region_id",
    "region_split",
    "brickname",
    "ra",
    "dec",
    "stamp_size",
    "bandset",
    "config_id",
    "theta_e_arcsec",
    "src_dmag",
    "src_reff_arcsec",
    "src_e",
    "shear",
    "replicate",
    "is_control",
    "task_seed64",
    "src_x_arcsec",
    "src_y_arcsec",
    "src_phi_rad",
    "shear_phi_rad",
    "src_gr",
    "src_rz",
    "psf_bin",
    "depth_bin",
    "ab_zp_nmgy",
    "pipeline_version",
    "psfsize_r",
    "psfdepth_r",
    "ebv",
    "stamp_npz",
    "cutout_ok",
    "arc_snr",
    "total_injected_flux_r",
    "bad_pixel_frac",
    "wise_brightmask_frac",
    "metrics_ok",
    "psf_fwhm_used_g",
    "psf_fwhm_used_r",
    "psf_fwhm_used_z",
    "psf_source_g",
    "psf_source_r",
    "psf_source_z",
    "metrics_only",
    "lens_model",
    "lens_e",
    "lens_phi_rad",
    "magnification",
    "tangential_stretch",
    "radial_stretch",
    "expected_arc_radius",
    "physics_valid",
    "physics_warnings"
  ],
  "phase5_required_columns": [
    "task_id",
    "experiment_id",
    "selection_set_id",
    "ranking_mode",
    "selection_strategy",
    "region_id",
    "region_split",
    "brickname",
    "ra",
    "dec",
    "pipeline_version",
    "config_id",
    "stamp_npz",
    "stamp_size",
    "bandset",
    "ab_zp_nmgy",
    "lens_model",
    "is_control",
    "theta_e_arcsec",
    "src_dmag",
    "src_reff_arcsec",
    "psf_fwhm_used_r",
    "psfsize_r",
    "psfdepth_r",
    "bad_pixel_frac",
    "wise_brightmask_frac",
    "cutout_ok"
  ],
  "phase5_optional_columns": [
    "arc_snr",
    "total_injected_flux_r",
    "magnification",
    "psf_fwhm_used_g",
    "psf_fwhm_used_z",
    "psf_source_g",
    "psf_source_r",
    "psf_source_z",
    "psf_bin",
    "depth_bin",
    "metrics_ok",
    "metrics_only",
    "src_e",
    "shear",
    "replicate",
    "task_seed64",
    "src_x_arcsec",
    "src_y_arcsec",
    "src_gr",
    "src_rz",
    "src_phi_rad",
    "shear_phi_rad",
    "lens_e",
    "lens_phi_rad",
    "tangential_stretch",
    "radial_stretch",
    "expected_arc_radius",
    "physics_valid",
    "physics_warnings",
    "ebv"
  ],
  "notes": [
    "phase5_required_columns is the minimal set needed to compute Phase 5 completeness surfaces that mirror Phase 4d binning and QC, while joining model scores back to task_id.",
    "Keep psf_fwhm_used_r and psfsize_r; Phase 5 binning should prefer psf_fwhm_used_r with fallback to psfsize_r, matching Phase 4d post-fix logic."
  ]
}